<?xml version="1.0" encoding="iso-8859-1"?><rss version="2.0"><channel><title>DerniÃ¨res MAJ de l'EDT</title><link>http://www.monsite.com</link><description>Description du channel</description><item><title>GARIN</title><pubDate>Thu, 23 Oct 2008 07:55:44 GMT</pubDate><description>Le TD de GESTION DE PROJET 1 avec les GMP1 TP5 - GMP1 TP6 a Ã©tÃ© modifiÃ©. Il aura lieu le 18-12-2008 de 08h15 Ã  10h15 en E203</description></item><item><title>COLOMBIER</title><pubDate>Thu, 23 Oct 2008 07:55:36 GMT</pubDate><description>Le TD de GESTION DE PROJET 1 avec les GMP1 TP3 - GMP1 TP4 a Ã©tÃ© modifiÃ©. Il aura lieu le 15-12-2008 de 16h00 Ã  18h00 en E203</description></item><item><title>GARIN</title><pubDate>Thu, 23 Oct 2008 07:55:18 GMT</pubDate><description>Le TD de GESTION DE PROJET 1 avec les GMP1 TP1 - GMP1 TP2 a Ã©tÃ© modifiÃ©. Il aura lieu le 16-12-2008 de 10h30 Ã  12h30 en E306</description></item><item><title>COLOMBIER</title><pubDate>Thu, 23 Oct 2008 07:55:36 GMT</pubDate><description>Le TD de GESTION DE PROJET 1 avec les GMP1 TP3 - GMP1 TP4 a Ã©tÃ© modifiÃ©. Il aura lieu le 01-12-2008 de 16h00 Ã  18h00 en E201</description></item><item><title>GARIN</title><pubDate>Thu, 23 Oct 2008 07:55:18 GMT</pubDate><description>Le TD de GESTION DE PROJET 1 avec les GMP1 TP1 - GMP1 TP2 a Ã©tÃ© modifiÃ©. Il aura lieu le 01-12-2008 de 16h00 Ã  18h00 en E301</description></item><item><title>GARIN</title><pubDate>Thu, 23 Oct 2008 07:55:44 GMT</pubDate><description>Le TD de GESTION DE PROJET 1 avec les GMP1 TP5 - GMP1 TP6 a Ã©tÃ© modifiÃ©. Il aura lieu le 01-12-2008 de 13h45 Ã  15h45 en E301</description></item><item><title>WAGNER</title><pubDate>Tue, 08 Jul 2008 12:02:37 GMT</pubDate><description>Le CM de SDM avec les GMP1 a Ã©tÃ© modifiÃ©. Il aura lieu le 28-11-2008 de 10h30 Ã  11h30 en A1 - A2 - A1</description></item><item><title>GARIN</title><pubDate>Thu, 23 Oct 2008 07:52:40 GMT</pubDate><description>Le CM de GESTION DE PROJET 1 avec les GMP1 TP1 - GMP1 TP2 - GMP1 TP3 - GMP1 TP4 - GMP1 TP5 - GMP1 TP6 a Ã©tÃ© modifiÃ©. Il aura lieu le 28-11-2008 de 11h30 Ã  12h30 en A1</description></item><item><title> - MEUNIER - CHARLEMAGNE - MILLION - PERPERE</title><pubDate>Tue, 08 Jul 2008 12:05:30 GMT</pubDate><description>Le DS de QUALITE avec les GMP2 a Ã©tÃ© modifiÃ©. Il aura lieu le 27-11-2008 de 16h00 Ã  18h00 en  - A1 - A1</description></item><item><title>PERPERE</title><pubDate>Tue, 08 Jul 2008 12:07:24 GMT</pubDate><description>Le TD de MAINTENANCE avec les GMP2 TDB a Ã©tÃ© modifiÃ©. Il aura lieu le 27-11-2008 de 13h45 Ã  15h45 en E301 - E306</description></item><item><title>WANNER</title><pubDate>Thu, 10 Jul 2008 10:00:18 GMT</pubDate><description>Le TP de AUTOM avec les GMP2 TP5 a Ã©tÃ© modifiÃ©. Il aura lieu le 28-11-2008 de 10h30 Ã  12h30 en PHG</description></item><item><title>WANNER</title><pubDate>Thu, 10 Jul 2008 10:00:18 GMT</pubDate><description>Le TP de AUTOM avec les GMP2 TP5 a Ã©tÃ© modifiÃ©. Il aura lieu le 28-11-2008 de 08h15 Ã  10h15 en PHG</description></item><item><title>BOISSINOT</title><pubDate>Tue, 08 Jul 2008 12:10:50 GMT</pubDate><description>Le TP de ELEC avec les GMP2 TP2 a Ã©tÃ© modifiÃ©. Il aura lieu le 28-11-2008 de 10h30 Ã  12h30 en E210</description></item><item><title>BOISSINOT</title><pubDate>Tue, 08 Jul 2008 12:10:50 GMT</pubDate><description>Le TP de ELEC avec les GMP2 TP2 a Ã©tÃ© modifiÃ©. Il aura lieu le 28-11-2008 de 08h15 Ã  10h15 en E210</description></item><item><title>DAVENNE - VALOT</title><pubDate>Tue, 02 Sep 2008 13:36:33 GMT</pubDate><description>Le TD de ELASTICITE avec les GMP2 TDA a Ã©tÃ© modifiÃ©. Il aura lieu le 05-11-2008 de 16h00 Ã  18h00 en E306</description></item><item><title>BONDIL - SANDERS</title><pubDate>Tue, 08 Jul 2008 12:07:24 GMT</pubDate><description>Le TD de ANGLAIS avec les GMP2 TDC a Ã©tÃ© modifiÃ©. Il aura lieu le 05-11-2008 de 16h00 Ã  18h00 en E305 - E307</description></item><item><title>BONDIL - SANDERS</title><pubDate>Tue, 08 Jul 2008 12:07:24 GMT</pubDate><description>Le TD de ANGLAIS avec les GMP2 TDA a Ã©tÃ© modifiÃ©. Il aura lieu le 05-11-2008 de 13h45 Ã  15h45 en E305 - E307</description></item><item><title>BOISSINOT</title><pubDate>Tue, 08 Jul 2008 12:09:45 GMT</pubDate><description>Le TD de ELEC avec les GMP2 TDC a Ã©tÃ© modifiÃ©. Il aura lieu le 05-11-2008 de 13h45 Ã  15h45 en E210</description></item><item><title>COLOMBIER</title><pubDate>Tue, 08 Jul 2008 12:09:45 GMT</pubDate><description>Le TD de BM3 avec les GMP2 TDA a Ã©tÃ© modifiÃ©. Il aura lieu le 01-10-2008 de 13h45 Ã  15h45 en E305</description></item><item><title>BONDIL - SANDERS</title><pubDate>Tue, 08 Jul 2008 12:07:24 GMT</pubDate><description>Le TD de ANGLAIS avec les GMP2 TDC a Ã©tÃ© modifiÃ©. Il aura lieu le 17-12-2008 de 16h00 Ã  18h00 en E305 - E115</description></item></channel></rss>